{
	"sources" : 
	[
		{
			"file" : "C:/PROJECTS/sdl3_ls_engine/modules/liblandstalker/build/_deps/png-subbuild/CMakeFiles/png-populate"
		},
		{
			"file" : "C:/PROJECTS/sdl3_ls_engine/modules/liblandstalker/build/_deps/png-subbuild/CMakeFiles/67b52073d9b4cdf61a9f23c527308be6/png-populate.rule"
		},
		{
			"file" : "C:/PROJECTS/sdl3_ls_engine/modules/liblandstalker/build/_deps/png-subbuild/CMakeFiles/c9dbe9c1b42807b003b5a1e70f1441a7/png-populate-complete.rule"
		},
		{
			"file" : "C:/PROJECTS/sdl3_ls_engine/modules/liblandstalker/build/_deps/png-subbuild/CMakeFiles/6fd906f03fc1ed4d70746d6aec6a485a/png-populate-build.rule"
		},
		{
			"file" : "C:/PROJECTS/sdl3_ls_engine/modules/liblandstalker/build/_deps/png-subbuild/CMakeFiles/6fd906f03fc1ed4d70746d6aec6a485a/png-populate-configure.rule"
		},
		{
			"file" : "C:/PROJECTS/sdl3_ls_engine/modules/liblandstalker/build/_deps/png-subbuild/CMakeFiles/6fd906f03fc1ed4d70746d6aec6a485a/png-populate-download.rule"
		},
		{
			"file" : "C:/PROJECTS/sdl3_ls_engine/modules/liblandstalker/build/_deps/png-subbuild/CMakeFiles/6fd906f03fc1ed4d70746d6aec6a485a/png-populate-install.rule"
		},
		{
			"file" : "C:/PROJECTS/sdl3_ls_engine/modules/liblandstalker/build/_deps/png-subbuild/CMakeFiles/6fd906f03fc1ed4d70746d6aec6a485a/png-populate-mkdir.rule"
		},
		{
			"file" : "C:/PROJECTS/sdl3_ls_engine/modules/liblandstalker/build/_deps/png-subbuild/CMakeFiles/6fd906f03fc1ed4d70746d6aec6a485a/png-populate-patch.rule"
		},
		{
			"file" : "C:/PROJECTS/sdl3_ls_engine/modules/liblandstalker/build/_deps/png-subbuild/CMakeFiles/6fd906f03fc1ed4d70746d6aec6a485a/png-populate-test.rule"
		},
		{
			"file" : "C:/PROJECTS/sdl3_ls_engine/modules/liblandstalker/build/_deps/png-subbuild/CMakeFiles/6fd906f03fc1ed4d70746d6aec6a485a/png-populate-update.rule"
		}
	],
	"target" : 
	{
		"labels" : 
		[
			"png-populate"
		],
		"name" : "png-populate"
	}
}